{
  "project_info": {
    "project_number": "359370572673",
    "project_id": "language-translator-82e0c",
    "storage_bucket": "language-translator-82e0c.firebasestorage.app"
  },
  "client": [
    {
      "client_info": {
        "mobilesdk_app_id": "1:359370572673:android:3fc5ec6b95055867ba1e80",
        "android_client_info": {
          "package_name": "com.example.myapp"
        }
      },
      "oauth_client": [],
      "api_key": [
        {
          "current_key": "AIzaSyAy1ihI55AK9v6vY3QG0Kfb-ulvRAUIeew"
        }
      ],
      "services": {
        "appinvite_service": {
          "other_platform_oauth_client": []
        }
      }
    }
  ],
  "configuration_version": "1"
}